"warehouse_id","region","total_orders","avg_delivery_time"
"WH-N-01","North","31945","7.0000000000000000"
"WH-S-01","South","27174","6.0000000000000000"
"WH-W-01","West","31148","6.0000000000000000"
"WH-N-02","North","28561","5.0000000000000000"
"WH-W-02","West","32663","4.0000000000000000"
"WH-E-02","East","34174","4.0000000000000000"
"WH-E-01","East","28031","4.0000000000000000"
"WH-S-02","South","36083","3.0000000000000000"
