"warehouse_id","region","total_orders","avg_delivery_time","total_demand"
"WH-N-01","North","119","7.0000000000000000","31945"
"WH-S-01","South","110","6.0000000000000000","27174"
"WH-W-01","West","120","6.0000000000000000","31148"
"WH-N-02","North","119","5.0000000000000000","28561"
"WH-W-02","West","128","4.0000000000000000","32663"
"WH-E-02","East","130","4.0000000000000000","34174"
"WH-E-01","East","134","4.0000000000000000","28031"
"WH-S-02","South","140","3.0000000000000000","36083"
